Year, kWh, kvarh, "Peak kW", "peak kVA", "Losses kWh", "Losses kvarh", "Peak Losses kW"
0, 6078.0376499823406, 1206.141385611937, 679.26051727603397, 727.6496581579537, 122.29607195220922, -3216.8976937789889, 24.517970291729622
